{
    "bids": [
        [
            44141,
            1.458
        ],
        [
            44138,
            0.058
        ],
        [
            44122,
            0.043103
        ],
        [
            44121,
            0.077291
        ],
        [
            44114,
            0.037351
        ],
        [
            44069,
            0.125778
        ],
        [
            44053,
            0.576337
        ],
        [
            44047,
            0.235645
        ],
        [
            44026,
            0.5
        ],
        [
            44025,
            0.441221
        ],
        [
            43976,
            0.2
        ],
        [
            43957,
            0.207371
        ],
        [
            43944,
            0.296518
        ],
        [
            43931,
            0.087799
        ],
        [
            43900,
            0.001
        ],
        [
            43788,
            4.5
        ],
        [
            43786,
            0.141973
        ],
        [
            43608,
            0.02907
        ],
        [
            43596,
            0.032696
        ],
        [
            43554,
            0.077999
        ],
        [
            43526,
            0.025964
        ],
        [
            43500,
            0.122953
        ],
        [
            43488,
            0.019634
        ],
        [
            43474,
            0.002
        ],
        [
            43416,
            0.01695
        ],
        [
            43400,
            0.207373
        ],
        [
            43380,
            0.278808
        ],
        [
            43371,
            0.00152
        ],
        [
            43344,
            0.01
        ],
        [
            43333,
            0.0455
        ]
    ],
    "asks": [
        [
            44225,
            0.006
        ],
        [
            44226,
            0.677914
        ],
        [
            44228,
            0.888409
        ],
        [
            44239,
            0.268317
        ],
        [
            44267,
            0.009673
        ],
        [
            44331,
            0.143492
        ],
        [
            44459,
            0.006917
        ],
        [
            44460,
            0.042377
        ],
        [
            44552,
            0.4
        ],
        [
            44553,
            0.056508
        ],
        [
            44597,
            0.655513
        ],
        [
            44606,
            0.000914
        ],
        [
            44621,
            0.010768
        ],
        [
            44741,
            0.155
        ],
        [
            44799,
            4.4
        ],
        [
            44800,
            0.005992
        ],
        [
            44863,
            0.001006
        ],
        [
            44900,
            0.11326
        ],
        [
            44926,
            0.5
        ],
        [
            44928,
            0.402153
        ],
        [
            44936,
            0.193777
        ],
        [
            44964,
            0.201264
        ],
        [
            45000,
            0.073999
        ],
        [
            45095,
            0.193094
        ],
        [
            45148,
            0.015467
        ],
        [
            45160,
            0.798736
        ],
        [
            45178,
            0.021835
        ],
        [
            45179,
            0.473345
        ],
        [
            45304,
            0.005216
        ],
        [
            45375,
            0.7
        ]
    ]
}
