{
    "btc": {
        "ticker": {
            "high": 6359,
            "low": 6211,
            "last": 6343,
            "vol": 1016.818471,
            "buy": 6340,
            "sell": 6347
        }
    },
    "bcc": {
        "ticker": {
            "high": 457,
            "low": 409,
            "last": 451,
            "vol": 3265.478693,
            "buy": 449,
            "sell": 452
        }
    },
    "ltc": {
        "ticker": {
            "high": 54.1,
            "low": 50.9,
            "last": 53.9,
            "vol": 22631.565316,
            "buy": 53.7,
            "sell": 54
        }
    },
    "eth": {
        "ticker": {
            "high": 203,
            "low": 189,
            "last": 200,
            "vol": 1650.702741,
            "buy": 199,
            "sell": 201
        }
    },
    "etc": {
        "ticker": {
            "high": 9.89,
            "low": 9.18,
            "last": 9.58,
            "vol": 243169.673596,
            "buy": 9.57,
            "sell": 9.64
        }
    },
    "bts": {
        "ticker": {
            "high": 0.1,
            "low": 0.0932,
            "last": 0.0986,
            "vol": 34914537.646188,
            "buy": 0.0982,
            "sell": 0.1
        }
    },
    "dash": {
        "ticker": {
            "high": 163.5,
            "low": 149.9,
            "last": 160,
            "vol": 13081.383986,
            "buy": 159.9,
            "sell": 160.1
        }
    },
    "eos": {
        "ticker": {
            "high": 5.39,
            "low": 5.01,
            "last": 5.25,
            "vol": 265076.789434,
            "buy": 5.24,
            "sell": 5.27
        }
    },
    "xrp": {
        "ticker": {
            "high": 0.4,
            "low": 0.339,
            "last": 0.387,
            "vol": 10982422.607657,
            "buy": 0.382,
            "sell": 0.389
        }
    },
    "wic": {
        "ticker": {
            "high": 0.226,
            "low": 0.211,
            "last": 0.219,
            "vol": 9038539.520899,
            "buy": 0.217,
            "sell": 0.22
        }
    },
    "gat": {
        "ticker": {
            "high": 0.00094,
            "low": 0.00086,
            "last": 0.0009,
            "vol": 1530596468.2239,
            "buy": 0.00086,
            "sell": 0.00091
        }
    },
    "gnx": {
        "ticker": {
            "high": 0.0474,
            "low": 0.0455,
            "last": 0.0463,
            "vol": 21720984.792869,
            "buy": 0.0461,
            "sell": 0.0464
        }
    },
    "ignis": {
        "ticker": {
            "high": 0.0404,
            "low": 0.0381,
            "last": 0.0393,
            "vol": 13593664.894982,
            "buy": 0.0391,
            "sell": 0.0394
        }
    },
    "cvc": {
        "ticker": {
            "high": 0.119,
            "low": 0.104,
            "last": 0.116,
            "vol": 17732240.882269,
            "buy": 0.115,
            "sell": 0.118
        }
    },
    "xlm": {
        "ticker": {
            "high": 0.2201,
            "low": 0.2023,
            "last": 0.2172,
            "vol": 13536274.852017,
            "buy": 0.2161,
            "sell": 0.219
        }
    },
    "knc": {
        "ticker": {
            "high": 0.374,
            "low": 0.365,
            "last": 0.367,
            "vol": 9312215.511595,
            "buy": 0.366,
            "sell": 0.37
        }
    },
    "eosdac": {
        "ticker": {
            "high": 0.0298,
            "low": 0.0191,
            "last": 0.0233,
            "vol": 90493274.840838,
            "buy": 0.0191,
            "sell": 0.0299
        }
    },
    "bnt": {
        "ticker": {
            "high": 1.34,
            "low": 1.3,
            "last": 1.31,
            "vol": 848046.419888,
            "buy": 1.3,
            "sell": 1.33
        }
    },
    "nxt": {
        "ticker": {
            "high": 0.0684,
            "low": 0.0606,
            "last": 0.0637,
            "vol": 70069197.305443,
            "buy": 0.0607,
            "sell": 0.0677
        }
    },
    "doge": {
        "ticker": {
            "high": 0.0056,
            "low": 0.00483,
            "last": 0.00535,
            "vol": 941484868.77195,
            "buy": 0.00516,
            "sell": 0.00549
        }
    },
    "cnet": {
        "ticker": {
            "high": 0.071,
            "low": 0.0226,
            "last": 0.0585,
            "vol": 63266246.245936,
            "buy": 0.0568,
            "sell": 0.0588
        }
    },
    "ae": {
        "ticker": {
            "high": 1.2,
            "low": 1.03,
            "last": 1.15,
            "vol": 1030926.552117,
            "buy": 1.12,
            "sell": 1.16
        }
    }
}