{
    "btc": {
        "ticker": {
            "high": 44081,
            "low": 43160,
            "last": 43718,
            "vol": 1876.83963,
            "buy": 43706,
            "sell": 43753
        }
    },
    "eth": {
        "ticker": {
            "high": 1413,
            "low": 1326,
            "last": 1381,
            "vol": 26137.18606,
            "buy": 1376,
            "sell": 1386
        }
    },
    "usdt": {
        "ticker": {
            "high": 6.98,
            "low": 6.889,
            "last": 6.896,
            "vol": 950269.832785,
            "buy": 6.896,
            "sell": 6.897
        }
    },
    "bitcny": {
        "ticker": {
            "high": 1.001,
            "low": 0.995,
            "last": 1,
            "vol": 2028689.81948,
            "buy": 0.999,
            "sell": 1.001
        }
    },
    "bts": {
        "ticker": {
            "high": 0.7,
            "low": 0.656,
            "last": 0.682,
            "vol": 9837001.515638,
            "buy": 0.682,
            "sell": 0.683
        }
    },
    "inf": {
        "ticker": {
            "high": 0.0231,
            "low": 0.0205,
            "last": 0.0217,
            "vol": 513174701.99253,
            "buy": 0.0207,
            "sell": 0.0222
        }
    },
    "eac": {
        "ticker": {
            "high": 0.00319,
            "low": 0.00294,
            "last": 0.00305,
            "vol": 1632093756.9689,
            "buy": 0.00303,
            "sell": 0.00307
        }
    },
    "doge": {
        "ticker": {
            "high": 0.03697,
            "low": 0.03354,
            "last": 0.03635,
            "vol": 313733887.75593,
            "buy": 0.03632,
            "sell": 0.03636
        }
    },
    "xlm": {
        "ticker": {
            "high": 1.53,
            "low": 1.42,
            "last": 1.51,
            "vol": 1360447.797294,
            "buy": 1.49,
            "sell": 1.51
        }
    },
    "ignis": {
        "ticker": {
            "high": 0.289,
            "low": 0.265,
            "last": 0.271,
            "vol": 60894999.398162,
            "buy": 0.27,
            "sell": 0.274
        }
    },
    "xrp": {
        "ticker": {
            "high": 2.8,
            "low": 2.35,
            "last": 2.64,
            "vol": 1152069.746964,
            "buy": 2.63,
            "sell": 2.65
        }
    },
    "xyt": {
        "ticker": {
            "high": 0.041,
            "low": 0.036,
            "last": 0.04,
            "vol": 47847647.407171,
            "buy": 0.039,
            "sell": 0.043
        }
    },
    "ae": {
        "ticker": {
            "high": 8.2,
            "low": 7.3,
            "last": 7.8,
            "vol": 505529.856063,
            "buy": 7.8,
            "sell": 7.9
        }
    },
    "eos": {
        "ticker": {
            "high": 37.2,
            "low": 35.1,
            "last": 36.3,
            "vol": 183042.762374,
            "buy": 36.1,
            "sell": 36.4
        }
    },
    "bcc": {
        "ticker": {
            "high": 3170,
            "low": 3005,
            "last": 3125.52,
            "vol": 13863.876776,
            "buy": 3113,
            "sell": 3127.98
        }
    },
    "bcx": {
        "ticker": {
            "high": 0.0023,
            "low": 0.0021,
            "last": 0.0023,
            "vol": 81490584.458711,
            "buy": 0.0022,
            "sell": 0.0023
        }
    },
    "etc": {
        "ticker": {
            "high": 68.6,
            "low": 63.9,
            "last": 66.3,
            "vol": 195723.71996,
            "buy": 66.1,
            "sell": 66.6
        }
    },
    "idt": {
        "ticker": {
            "high": 0.044,
            "low": 0.042,
            "last": 0.043,
            "vol": 29336135.725822,
            "buy": 0.041,
            "sell": 0.044
        }
    },
    "ltc": {
        "ticker": {
            "high": 375,
            "low": 355,
            "last": 371,
            "vol": 22054.345123,
            "buy": 369,
            "sell": 372
        }
    },
    "nxt": {
        "ticker": {
            "high": 0.437,
            "low": 0.421,
            "last": 0.436,
            "vol": 10930369.735415,
            "buy": 0.435,
            "sell": 0.438
        }
    },
    "ardr": {
        "ticker": {
            "high": 0.83,
            "low": 0.77,
            "last": 0.78,
            "vol": 1172111.187872,
            "buy": 0.77,
            "sell": 0.78
        }
    },
    "dat": {
        "ticker": {
            "high": 0.034,
            "low": 0.032,
            "last": 0.033,
            "vol": 24817326.358186,
            "buy": 0.032,
            "sell": 0.033
        }
    },
    "wic": {
        "ticker": {
            "high": 1.56,
            "low": 1.51,
            "last": 1.52,
            "vol": 677138.212305,
            "buy": 1.51,
            "sell": 1.52
        }
    },
    "xem": {
        "ticker": {
            "high": 0.662,
            "low": 0.618,
            "last": 0.641,
            "vol": 25796556.835818,
            "buy": 0.64,
            "sell": 0.644
        }
    },
    "xzc": {
        "ticker": {
            "high": 67,
            "low": 64,
            "last": 65,
            "vol": 20836.690626,
            "buy": 64,
            "sell": 67
        }
    },
    "snt": {
        "ticker": {
            "high": 0.25,
            "low": 0.235,
            "last": 0.244,
            "vol": 69026054.326233,
            "buy": 0.243,
            "sell": 0.246
        }
    },
    "omg": {
        "ticker": {
            "high": 21.8,
            "low": 20.7,
            "last": 21.1,
            "vol": 435380.785764,
            "buy": 20.9,
            "sell": 21.4
        }
    },
    "dash": {
        "ticker": {
            "high": 1134,
            "low": 1034,
            "last": 1100,
            "vol": 27333.481486,
            "buy": 1098,
            "sell": 1105
        }
    },
    "bcv": {
        "ticker": {
            "high": 0.0269,
            "low": 0.0237,
            "last": 0.0258,
            "vol": 358745045.49637,
            "buy": 0.0251,
            "sell": 0.0263
        }
    },
    "atn": {
        "ticker": {
            "high": 0.77,
            "low": 0.71,
            "last": 0.75,
            "vol": 15586049.63084,
            "buy": 0.72,
            "sell": 0.77
        }
    },
    "bite": {
        "ticker": {
            "high": 1.23,
            "low": 1.09,
            "last": 1.17,
            "vol": 116055.994083,
            "buy": 1.18,
            "sell": 1.19
        }
    },
    "gat": {
        "ticker": {
            "high": 0.00656,
            "low": 0.00611,
            "last": 0.00622,
            "vol": 1183934127.7189,
            "buy": 0.00621,
            "sell": 0.00622
        }
    },
    "lxt": {
        "ticker": {
            "high": 0.041,
            "low": 0.038,
            "last": 0.04,
            "vol": 31088910.530589,
            "buy": 0.039,
            "sell": 0.04
        }
    },
    "yoyo": {
        "ticker": {
            "high": 0.2,
            "low": 0.186,
            "last": 0.191,
            "vol": 41415978.154205,
            "buy": 0.19,
            "sell": 0.194
        }
    },
    "stb": {
        "ticker": {
            "high": 0.055,
            "low": 0.051,
            "last": 0.053,
            "vol": 27512209.32297,
            "buy": 0.053,
            "sell": 0.054
        }
    },
    "btm": {
        "ticker": {
            "high": 1.27,
            "low": 1.2,
            "last": 1.22,
            "vol": 3570180.121427,
            "buy": 1.2,
            "sell": 1.24
        }
    },
    "seer": {
        "ticker": {
            "high": 0.0126,
            "low": 0.011,
            "last": 0.0123,
            "vol": 189003228.02423,
            "buy": 0.0122,
            "sell": 0.0124
        }
    },