{
    "oct": {
        "ticker": {
            "high": 154,
            "low": 143,
            "last": 145,
            "vol": 18902.779427,
            "buy": 144,
            "sell": 145
        }
    },
    "jrc": {
        "ticker": {
            "high": 5.59,
            "low": 5.4,
            "last": 5.58,
            "vol": 21613993.247011,
            "buy": 5.58,
            "sell": 5.59
        }
    },
    "lbtc": {
        "ticker": {
            "high": 4414,
            "low": 4400,
            "last": 4403,
            "vol": 4630.676258,
            "buy": 4399,
            "sell": 4415
        }
    },
    "bkbt": {
        "ticker": {
            "high": 0.99,
            "low": 0.84,
            "last": 0.89,
            "vol": 21414139.246046,
            "buy": 0.89,
            "sell": 0.91
        }
    },
    "sbtc": {
        "ticker": {
            "high": 5900,
            "low": 5581,
            "last": 5876,
            "vol": 7730.317208,
            "buy": 5834,
            "sell": 5900
        }
    },
    "sys": {
        "ticker": {
            "high": 96,
            "low": 88,
            "last": 92,
            "vol": 36380.509242,
            "buy": 92,
            "sell": 96
        }
    },
    "ubtc": {
        "ticker": {
            "high": 2967,
            "low": 2914,
            "last": 2949,
            "vol": 18135.593165,
            "buy": 2940,
            "sell": 2960
        }
    },
    "xpm": {
        "ticker": {
            "high": 591,
            "low": 566,
            "last": 591,
            "vol": 36203.129184,
            "buy": 586,
            "sell": 595
        }
    },
    "ncs": {
        "ticker": {
            "high": 13,
            "low": 11.97,
            "last": 12.94,
            "vol": 6146465.713865,
            "buy": 12.87,
            "sell": 12.99
        }
    },
    "god": {
        "ticker": {
            "high": 4536,
            "low": 4452,
            "last": 4501,
            "vol": 4191.478435,
            "buy": 4451,
            "sell": 4541
        }
    },
    "bcd": {
        "ticker": {
            "high": 1866,
            "low": 1810,
            "last": 1842,
            "vol": 21664.436394,
            "buy": 1841,
            "sell": 1856
        }
    },
    "bash": {
        "ticker": {
            "high": 1.39,
            "low": 1.21,
            "last": 1.28,
            "vol": 573295484.69266,
            "buy": 1.26,
            "sell": 1.3
        }
    },
    "sac": {
        "ticker": {
            "high": 3298,
            "low": 3215,
            "last": 3268,
            "vol": 106124.446559,
            "buy": 3265,
            "sell": 3270
        }
    },
    "blk": {
        "ticker": {
            "high": 73.1,
            "low": 68.4,
            "last": 73.1,
            "vol": 346305.947201,
            "buy": 71.8,
            "sell": 73.4
        }
    },
    "tag": {
        "ticker": {
            "high": 75.1,
            "low": 68.8,
            "last": 72.5,
            "vol": 494837.8955,
            "buy": 68.8,
            "sell": 74.3
        }
    },
    "qrk": {
        "ticker": {
            "high": 9.22,
            "low": 8,
            "last": 8.84,
            "vol": 2705044.272533,
            "buy": 8.75,
            "sell": 8.93
        }
    },
    "zcc": {
        "ticker": {
            "high": 5.4,
            "low": 5.28,
            "last": 5.32,
            "vol": 5401859.226342,
            "buy": 5.31,
            "sell": 5.33
        }
    },
    "tac": {
        "ticker": {
            "high": 6.305,
            "low": 5.31,
            "last": 5.878,
            "vol": 5306735.532646,
            "buy": 5.451,
            "sell": 6
        }
    }
}